,name,city
0,Zachary Sutton,Port Ana
1,David Davis,West Taylor
2,Keith Thompson,Cookshire
3,Andrea Mcgee,Brandychester
4,Thomas Thornton,Peterport
5,Katie Owens,East Moniqueton
6,Jeffrey Mclean,North Jamesstad
7,Betty Mcdonald,Markborough
8,Joanna Coleman,Bonnieland
9,Jessica Smith,Mercerton
10,Eric Romero,Mosleyland
11,Alexander Anderson,Johnshire
12,Katherine Munoz,Hartberg
13,Kathleen Hensley,East Tanya
14,Deanna Bartlett,North Samuel
15,Patrick Berry,Jordanchester
16,Megan Ellis,Smithberg
17,Jerry Montgomery,Kaneside
18,Megan Martinez,Lake Evanview
19,Deborah Bennett,Garrettmouth
20,Lisa Smith,Jacksonmouth
21,Jerry Baker,Dixonhaven
22,Sarah Henderson,West Paulaburgh
23,Chad Rivera,Kelseyview
24,Sandra Gonzalez,New Chaseview
25,Valerie Torres,Lynnchester
26,Lori Schmidt,Gravesport
27,Jordan Carrillo,Denisetown
28,Mrs. Jennifer Dillon MD,West Jamestown
29,Ariel Love,Loganstad
30,Pamela Mayer,Sanchezville
31,James Graham,West Kennethbury
32,Gina Vincent,East Angela
33,Ralph Smith,Michaelmouth
34,Ralph Burgess,Port Jamiehaven
35,Susan Jacobs,Jenniferfort
36,Bobby Moss,Benjaminburgh
37,Jennifer Williams,New Kathrynhaven
38,Katherine Garcia,Copelandchester
39,Crystal Lewis,West Robert
40,Leslie Friedman,South Kevin
41,Erica Black,Billville
42,David Barnett,Port Michelleborough
43,Nathaniel King,Jeremyberg
44,Valerie Sanchez,Byrdberg
45,Jamie Whitaker,Port Amandafurt
46,Cody Miller,Kellyton
47,Nancy James,Marthaland
48,Lisa Rodriguez,Daveville
49,Emily Wheeler,Amandafort
50,Barry Martinez,Dianaport
51,Christie Newton,Alexanderside
52,Bradley Williams,Brownfurt
53,Jonathan Taylor,Serranotown
54,Paul Coleman,Bishoptown
55,Sean Bennett,North Teresa
56,Emily Barnes,Aliciafort
57,Robert Ortega,Brownburgh
58,Charles Lang,West Edgarport
59,Tyler Reid,South Kristenmouth
60,Michelle Lloyd,Conwayport
61,Diamond Martinez,Christophershire
62,Jillian Campbell,South Nicolestad
63,Matthew Morton,Joeville
64,Kimberly Vasquez,West Amberfort
65,Michael Hunt,Lake Michael
66,Brandon Foster,South Mitchell
67,Vanessa Smith,Kingstad
68,Nicholas Keith,Watsonton
69,Peggy Morgan,New Alextown
70,Lydia Harper,East Mary
71,Lisa Jackson,Port Johnstad
72,Derek Hall,West Paul
73,Jennifer Montgomery,Salinashaven
74,James Campbell,Wilsonland
75,Judy Kelly,New Michelleberg
76,Brooke Garcia,Pamelaport
77,Tammy Taylor,Williamsstad
78,Alicia Chandler,East Johnfort
79,Taylor Hill,North Nicole
80,Michael Branch,South Johnport
81,Thomas Atkins,West Andreabury
82,Stacy Walker,Valentineview
83,Alexander Warren,Port Emily
84,Kent Matthews,Frankmouth
85,Sarah Cooper,Shafferton
86,Heather Martinez,Smithland
87,Jordan Snyder,Port Juliechester
88,Bethany Burton,Toddstad
89,Miranda Wilson,Rodgersville
90,Alexander Gonzales,West Rhondaton
91,Paula Gomez,Andersonshire
92,Randy Montoya,Stephaniestad
93,Kevin Johnson,North Calvinhaven
94,Michael Williamson,Murrayland
95,Rose Maxwell,Lake Erinton
96,Willie Melton,South Christinachester
97,William Nguyen,South Hollytown
98,Tiffany Ramsey,Sarahberg
99,Joshua Fletcher,Clarkshire
100,Beverly Dean,West Gerald
101,Mark Cervantes,North Brandiview
102,Jessica Wheeler,New Gary
103,Cheryl Barton,Josephport
104,Dean Bennett,Carsontown
105,Michael Livingston,Tannerfurt
106,John Williams,Valerieport
107,Brenda Ponce,Jessicastad
108,Justin Ferguson,Port Daniel
109,David Gibson,North Samuelhaven
110,Matthew Rice,West Michaelside
111,Heather Garcia,Collinsland
112,Mrs. Kelsey Rivera,Williamsfurt
113,Margaret Bell,Jesseport
114,Brandon Adams,New Brendahaven
115,Eric Ibarra,Lopezmouth
116,John Johnson,East Lisahaven
117,Michael Marquez,Lake Brianmouth
118,Joseph Brown,Deborahchester
119,Kimberly Mason,Michelehaven
120,Cassie Hines,New Davidshire
121,Julie Walker,Mathischester
122,Sophia Perez,Woodsside
123,Marissa Valencia,Port James
124,Stephanie Harmon,West Chaseville
125,Robert Padilla,North Rose
126,Joshua James,Lauraside
127,Steven Hernandez,West Eddieport
128,Matthew Vincent,Bowmanburgh
129,Brandon Randolph,Matthewburgh
130,James Lee,Port Brent
131,Mr. Jason Fields,Allisonbury
132,Valerie Campos,Christophermouth
133,Lindsay Gibbs,Harveyview
134,Steven Page,New Sydney
135,Kenneth Carney,North Jeffside
136,Tony Lopez,Lake Zachary
137,Austin Allen,Hollandfort
138,Chloe Lopez,South Kenneth
139,Robin Foster,Lake Kendrahaven
140,Rebecca Townsend,Lake Peter
141,Mr. Alexander Cole,Allenberg
142,Carla Ho,Port Valerieview
143,Lisa Forbes,Lake Megantown
144,David Robinson,West Sharon
145,Dakota Fletcher,North Johnside
146,James Martin,Ryanmouth
147,Cynthia Carr,Hoodborough
148,William Goodwin,Markmouth
149,Joseph Mcdaniel,Websterview
150,Teresa Hampton,North Stephenshire
151,Daniel Ponce,East Sherrimouth
152,Desiree Wong,Garrettmouth
153,Duane Solis,Cervantesburgh
154,Jason Hamilton,Port Patriciafurt
155,Sarah Brock,North Michaelborough
156,Robert Dodson,Christinaland
157,David Hudson,New Raven
158,Brent Gomez,Bakerbury
159,Erin Stevenson,Anthonyborough
160,Leslie Morales,Christopherborough
161,Judy Holt,East Chrischester
162,Elizabeth Freeman DVM,New Gregory
163,Peter Green,East Miguel
164,David Williamson,East Marissa
165,Kristin Carter,Hansenmouth
166,Lindsey Lynch,Russellland
167,Natalie Carroll,Powellville
168,William Prince,Port Ashleyville
169,Carlos Gibson,Morganfort
170,Sarah Sims,New Dennismouth
171,Caitlin Kim,Lake Jason
172,Sandra Price,Lake Catherine
173,Kathleen Bailey,Bryantfurt
174,Lindsay Miller,Port Jerome
175,Erica Wilson,Ashleymouth
176,Stephanie Zimmerman,East Coryberg
177,Patrick Weber,East Trevorland
178,Megan Townsend,Kylieborough
179,Laura Villa,East Jennifer
180,Wanda Brown,Jamesburgh
181,Joseph Santiago,North Heather
182,Anthony Washington,Greeneport
183,Jason Faulkner,North Daniel
184,Kevin Henderson,East Daniel
185,Kelly Anderson,Dianaton
186,Laurie Weaver,Johnstonmouth
187,Derrick Jensen,Carrieville
188,Shane Castro,North John
189,Bonnie Gill,South Tiffanybury
190,Nancy Snyder,South Brian
191,Alan Sanders,Port Jamesbury
192,Adam Heath,Greenport
193,Ann Anderson,Carrillomouth
194,Brandon Collins,New Marcberg
195,Teresa Tran,New Matthew
196,Mary Marquez,Jerryville
197,Catherine Mendez,Melissamouth
198,Christina Floyd,East Tommy
199,William Farley,Walterhaven
200,Diana Rivera,East Angelaburgh
201,Elaine Phillips,West Jodi
202,Kenneth Hensley,Jefferyfurt
203,Christine Edwards,New Matthewview
204,James Goodwin,Tracyshire
205,Christian Green,New Amanda
206,Albert Church,Hernandezville
207,David Pratt,Shannonside
208,Stephanie White,Port Thomas
209,Dana Ramos,Loriland
210,Charles Riley,North Carol
211,Sheila Marshall,Davismouth
212,Tanya Williams MD,Lake Jaredside
213,Allison Martinez,South Annaton
214,Gina Vasquez,Andersonchester
215,Joshua Ramirez,East Brooketon
216,Bradley Ryan,Whiteland
217,Cynthia Jackson,North Brian
218,Matthew Sampson,Timothyshire
219,Nicole Morales,South Nicoleborough
220,Wayne Jackson,Stephanieland
221,Jennifer Marshall,Lake Jill
222,Christopher Johnson,Gabrielstad
223,Wesley Collins,Nicholsonville
224,Lisa Erickson,Port Clayton
225,Robert Mooney,Patrickfurt
226,Sabrina Walsh,New Kaylaton
227,Ronald Hensley,East Johnburgh
228,Darren Chavez,Matthewbury
229,Michael Schultz,West Kristyberg
230,Sean Reyes,Jesseburgh
231,Megan Young,Kimberlyburgh
232,Keith Valentine,South Rachelshire
233,Keith Schmidt,East Victoriafurt
234,Stephen Stephens,West Jessicaport
235,Jamie Smith,Shelleyfurt
236,Barbara Roth,South Mary
237,Danielle Williams,Thomasfort
238,Ryan Berry,North Matthew
239,Barbara Moore,South Allison
240,Michael Waller,Websterchester
241,Denise Pena,South William
242,Sharon Perez,Lake Wandatown
243,Sara Brown,Judithmouth
244,Veronica Ray,West Carolynshire
245,Pamela Barnett,Munozbury
246,Amanda Murray,Dyerbury
247,Brian Alexander,Reedmouth
248,Marvin Hamilton,New Kristinashire
249,Gary Salas,East Charlesville
250,Amber Morris,East Denise
251,Dalton Carter,Fosterborough
252,Jacob Bell,North Alfred
253,Nicole Wheeler,Parkburgh
254,Amber Burton,North Timothy
255,Larry Ramirez,South Jasonside
256,Debra Banks,North Patrick
257,Paul Dickerson,East Ashley
258,Steven Johnson,North Shelley
259,Andrea Conner,Lake Gregory
260,Kimberly Williams,South Danielfort
261,Donna Davis,Atkinsville
262,Brenda Villarreal,Whitefurt
263,Christine Harrison,Pattersonfort
264,Timothy Madden,Longview
265,Derek Guerrero,Markburgh
266,Timothy Long,North Anthony
267,Charles Harris,North Alan
268,Joseph Logan,Amberport
269,Karen Stokes,Ethanhaven
270,Brian Thomas,East Danielbury
271,Charlotte Lopez,North Stephanie
272,Lauren Banks,Port Barbara
273,Mark Roberts,East Jasonburgh
274,Janet Ramirez,Port Benjaminstad
275,Rachel Wilkerson,North Angela
276,Ashley Rivera,Warrenshire
277,John Martinez,South Richardmouth
278,Kimberly Vargas,West Jacquelineport
279,Heather Zimmerman,Kempland
280,Cheryl Abbott,Lake Michaelfort
281,Timothy Sanchez,Jamesberg
282,Frederick Martinez,Smithville
283,Michael Webb,South Kathrynview
284,Craig Lee,Richardland
285,Joseph Myers,Mortonside
286,Joshua Flynn,Lake Frank
287,John Armstrong,Haleymouth
288,Sara Newton,South Alexanderton
289,Donald Morris,Lake Keith
290,Malik Williams,North Charlesfort
291,John Clark,Ericbury
292,Billy King,Ianhaven
293,Christina Thompson,East Richard
294,Calvin Willis,North Philip
295,Allison Pitts,Stephanietown
296,Jonathan Rogers,Port Justinmouth
297,Heather Smith,Cooperborough
298,John Smith,New Kathleen
299,Tiffany Maynard,Lake Jennifer
300,Stephen Medina,Jackstad
301,Jessica Stewart,Kristifort
302,Kayla Moyer,Margaretville
303,Michele Allen,Biancafort
304,William Hall,West Gabrielaburgh
305,Aimee Rivera,Barkerchester
306,Michael Ray,Shanebury
307,George Turner,New Tina
308,Brittany Burnett,East Davidton
309,Spencer Schaefer,North Rachel
310,Paul Solis,New Amanda
311,Luke Montgomery,Petershire
312,Stephen Anderson,Dianeville
313,Tyler Booker,Sosatown
314,Pamela Gomez,Stevenstad
315,Sarah Marshall,Lake Alexis
316,Cheryl Johnston,Lake Brandy
317,Richard Davis,West Morgan
318,Kristopher Jones,East Barbarastad
319,Jared Nelson,Wardmouth
320,Sharon Williams,Rodriguezside
321,Robert Short,Kimberlymouth
322,Mark Green,South Natalie
323,Pamela Clark,Martintown
324,Jonathan Morales,New Jennyberg
325,Daniel Holland,Patelberg
326,Joseph Fisher,North Julie
327,Courtney Garcia,South Bobby
328,Deborah Brown,Lake Michelle
329,Clinton Scott,West Peterhaven
330,Courtney Mitchell,Armstrongberg
331,Kristin Carter,West Mary
332,Lisa Ramirez,Berryfort
333,Brandon Bruce,Hannahside
334,Dr. Tammy Brown,East Angelicatown
335,Alyssa Schultz,Lindafort
336,Anthony Jenkins,New Matthewbury
337,Kyle Chavez,Parksberg
338,Joshua Schmidt,Deniseport
339,Natasha Harrell,Wilkinsonton
340,John Gutierrez,Mccartyhaven
341,Tammy Powell,Pamelastad
342,David Schmidt,Jimenezfurt
343,Elizabeth Gomez,New Edwardside
344,Jennifer Parker,Campbellshire
345,Daniel Harris,Fernandezstad
346,Cassandra Dawson,South Brianton
347,Shannon Moran,Arnoldshire
348,Anna Jackson,South Karen
349,Miranda Clarke,North Caroline
350,Adam Becker,East Samantha
351,Corey Reeves,South Rachel
352,Allen Hill,New John
353,Diane Ross,Youngberg
354,Lisa Leonard,Danielbury
355,David Johnson,Walshhaven
356,Brenda Huff,South Cody
357,Andrew Lawrence,Blackwellmouth
358,Elizabeth West,West Zacharyfurt
359,Matthew Gaines,New Valerie
360,Sandra Richardson,West Cynthiaberg
361,Jennifer Smith,East Marc
362,Sara Lucas,Elizabethbury
363,Erin Price,Joshuaport
364,Dustin Sparks,North Jacquelinestad
365,Greg Richardson,New Gina
366,Joel Pierce,Port Denise
367,Joshua Miller,New Amyport
368,Dean Schneider,Lake Joseborough
369,Charles Watson,Hamiltonland
370,Ryan Hunter,West Kevinmouth
371,Brad Richardson,Gonzalezhaven
372,Brooke Lewis,East Dustintown
373,Jennifer French,North James
374,Kristen Smith,South Kevin
375,Catherine Cervantes,Taylorfort
376,Joseph Walker,Thomasfurt
377,Melissa Hardy,Port Joshua
378,Tom Hall,Port Heather
379,Jeremy Rosario,East Richardburgh
380,Theresa Adams,South Krystal
381,David Douglas,Barbaraton
382,Rebecca Henry,South Phyllisview
383,Brooke Johnson,Ronnieborough
384,Gregory Miller,Nelsonfort
385,William Gentry,Jesushaven
386,Kevin Wise,Jamesstad
387,Carrie Pollard,Boltonbury
388,Latoya Nguyen,Scotthaven
389,Mrs. Jessica Brown,Christineshire
390,Matthew Brown,New Jasminetown
391,Lauren Reed,Sarafort
392,Megan Taylor,Taraton
393,Wesley Hicks,West Elizabethmouth
394,Thomas Rodriguez,Kellyview
395,Robert Scott,Andersonmouth
396,Sharon Davis,North Jasonburgh
397,Gregory Conner,East Trevorfurt
398,James Andersen,North Roy
399,Suzanne Davis,Thomasborough
400,Gary Williams,North Amy
401,Melinda Osborne,New Angelamouth
402,Susan Cooper,Andrewsview
403,Natasha Cuevas,New Richard
404,Michael Garcia,South Briannaland
405,Amanda Padilla,New Mary
406,Becky Flores,Lake Jacob
407,Haley Washington,Port Edwardborough
408,David Mack,Grayview
409,Gabrielle Gilbert,Eugeneview
410,Matthew Kirby,Jacquelinebury
411,Kristen Duncan,New Jennifer
412,Kurt Fernandez,Sullivanhaven
413,Nicole Strickland,North Angela
414,Debra Smith,West Robert
415,Andrea Bailey,Hayleybury
416,Garrett West,New Krystalfurt
417,Andrea Fox,New Zacharyland
418,John Garcia,Maryhaven
419,Robert Mercer,Port Samuelstad
420,Brian Kirk,Port Carrie
421,Mrs. Karen Quinn,Lake Christopher
422,Alexis Maldonado,South Michael
423,Jeremiah George,Jasmineberg
424,Charles Hill,Lake Andreashire
425,Jessica Porter,Tracyshire
426,Emily Schmidt,West Walter
427,Heather Bryant,Wheelerton
428,Angela Neal,North Chase
429,Ernest Campbell,Lake Elizabeth
430,Noah Cooper,Ortizmouth
431,Laura Smith,New Heatherfurt
432,Carla Pratt,East Brandon
433,Michael Walker,Port Joshuafort
434,Logan Morrison,North Isabellafort
435,Maria Garcia,South Jameshaven
436,David Johnson,North Nathan
437,Rebecca Murphy,Lake Courtney
438,John Wiley,North Teresa
439,Seth King,Brandonport
440,Martin Knight,Mitchellport
441,Amber Yu,Vangshire
442,Alyssa Castro,South Regina
443,Michael Mills,Andersonshire
444,Andrew Smith,Timothymouth
445,Bianca Clarke,West Mallory
446,Karen Hill,New Mary
447,Paul Jordan,Robertmouth
448,Stacy Anderson,North Damon
449,Cheryl Ray,South Rachael
450,Danielle Jenkins,East Steven
451,Anna Sanders,New Craigborough
452,April Adams,Rodriguezfurt
453,Stacey Brown,Aprilmouth
454,Eric Hernandez DDS,East Curtis
455,David Harvey,East Stephaniestad
456,Brett Brewer,Port Michael
457,Dana Ramsey,East Jacqueline
458,Timothy Lewis,Lake Jacqueline
459,Mr. Kevin Hernandez,Port Emily
460,Tonya Church,Lake Wayne
461,Randall Barnes,South Yvonnemouth
462,Jim Lin,Lake Davidville
463,Amy Mullins,Melissafort
464,Timothy Lang,New Eugene
465,Lisa Walker,Juanberg
466,Mary Potter,Valerieburgh
467,Willie Reeves,East Justinland
468,Melinda Caldwell,Lake Tracy
469,Michelle Martin,Maryborough
470,Joseph Myers,Williamsmouth
471,Katelyn Mayo,New Rachel
472,Kathleen Carrillo,Holmesfort
473,Lori Carroll,New Thomasshire
474,Alison Reyes,North Destiny
475,Stephanie Boyle,Mcintyrestad
476,Tara Brown,Jimmytown
477,Kevin Alexander,Bakerborough
478,Elizabeth Castillo,New Sharon
479,Hunter Holt,Port Caitlin
480,Holly Lewis,North Andrewside
481,Lisa Davis,West Carolport
482,Robert Miller MD,East Sandramouth
483,Erica Hutchinson,New Joshuastad
484,Diana Erickson,Justinton
485,Shannon Walker,Lake Mark
486,James Knox,Johnmouth
487,Heather Cameron,East Bryan
488,Ryan Moore,Bowerstown
489,Rebecca Howell,Walkermouth
490,Jonathan Kelly,Jessicaburgh
491,Pamela Conway,Glennbury
492,Danny Valencia,Port Nicole
493,Anna Lynch,East Samanthashire
494,Andrew Wilson,Andreaborough
495,Melissa Ramirez,Jonesfurt
496,Chad Hansen,Port Christina
497,Jenny Michael,Clarkhaven
498,Ronald King,East Susan
499,Mikayla Cooper DVM,Bartonton
500,Nancy Gill,Maureenside
501,Rebecca Wright,North Barbarastad
502,Kathryn Petersen,Phamside
503,Jose Myers,New Ernestport
504,Matthew Martin,Kristinport
505,Brian Ellis,Port Debbie
506,Brenda Cummings,North Diane
507,Donna Webb,West Jeffreyshire
508,Jeremy Malone,Port Micheal
509,Bruce Baker,Port Stephen
510,Phillip Wilson,West Edward
511,Kyle Smith,North Toddstad
512,Derek Phillips,Bakertown
513,Robert Herrera,Lake Emmaside
514,Chad Bernard,New Thomasfurt
515,Mark Freeman,Brownville
516,Laura Kelly,New Kevin
517,Rebecca Miller,Lake Mark
518,Victoria Rodriguez,South Kellyside
519,Donna Rivas,Mollyville
520,Jose Trevino MD,Emilybury
521,Travis Snyder,Doyleburgh
522,Joshua Weiss,Lake Anna
523,Ryan Nichols,East John
524,Troy Ware,Jessicashire
525,Scott Robles,South Carolynberg
526,Jason Sparks,South Masonchester
527,Joseph Crawford,East Amanda
528,Alejandro West,East Virginia
529,John Buchanan,Rachelberg
530,Ryan Moreno,Carlaport
531,Anne Clark,Josephtown
532,Taylor Atkinson,Oliviamouth
533,Kevin Velasquez,East Elizabeth
534,Derrick Allison,Catherineside
535,William White,Lake Sharon
536,Tammy Harmon,North Sandra
537,Michael White,Drakemouth
538,Rodney Ingram,Liberg
539,Nicole Washington,Johnfort
540,Ashley Murray,Richardsonbury
541,Richard Krause,Lake Carlosbury
542,Matthew Hansen,Michaelside
543,Karen Macias,Port Frankshire
544,Erin Brennan,South Wendy
545,Jacob Mejia,Port Jonathan
546,Megan Smith,South Brettville
547,Lori Hart,Darlenebury
548,William Sanchez,North Rebeccamouth
549,Cynthia Day,Janicehaven
550,Lisa Wilkerson,South Christianburgh
551,Richard Watson,East Mary
552,Alexis Mendoza,Port Karen
553,Emily Rubio,Thompsonstad
554,Kimberly Alexander,Port Joshua
555,Cynthia Cook,West Steven
556,Lynn Richardson,Reyesburgh
557,Michele Parker,West Jasmine
558,Chad Cortez,West Yvonnebury
559,Jesse Clark,New Jefferyview
560,Tracy Jenkins,North Tanya
561,Kevin Mason,Weissfort
562,Lindsay Torres,Brownberg
563,Kimberly Phillips,West Edwardfurt
564,Sherri Ayala,Mcphersonfurt
565,Cynthia Hernandez,Jaredton
566,Pamela Lewis,West Christopher
567,Mark Trujillo,Houstonburgh
568,Tracy Humphrey,Wilsonside
569,Elizabeth Myers MD,Chadside
570,Lori Harvey,Port Ericafort
571,Garrett Edwards,Calvinshire
572,Dawn May,South Davidborough
573,Michael Mays,New Calvinport
574,Gabriel Mills,East Karaport
575,Renee Turner,Mooreton
576,Alejandra Mosley,Lake Tanyaborough
577,Alexander Grimes,Sanchezport
578,Anna Brock,Angelastad
579,Jeremiah Williams,Joycehaven
580,Katherine Greer,Lake Richard
581,Meghan Jordan,Christopherborough
582,Scott Payne,Suttonville
583,Jane Velazquez,Johnsonhaven
584,Tina Nguyen,Kathleenfurt
585,Eric Shields,Angelaport
586,Cody Johnson,Tracymouth
587,Christopher Sims,Port Shawnland
588,Nicole Stanley,Richardhaven
589,Rhonda Mills,Port Amanda
590,Adam Salazar,South Patrickmouth
591,Douglas King,Riosbury
592,Jackie Bennett,Johnsonmouth
593,Michael Nelson,Campbelltown
594,Matthew Henderson,New Racheltown
595,Sherry Brown,Meredithfurt
596,Lucas Medina,Joneschester
597,Briana Davis,Foxburgh
598,Anthony Watts,North Stacyland
599,Raymond Cox,Hansonhaven
600,Mark Gregory,New Jessicaport
601,Jason Sanders,Port Kelsey
602,Jody Murphy,Markfort
603,David Price,Port Jamesview
604,Matthew Pierce,Kristinaside
605,Elizabeth Weaver,North Brianport
606,Johnny Brooks,Claytonside
607,Melissa Harrison,North Johnshire
608,Todd Pope,Lake Benjaminport
609,John Stephens MD,Phillipstad
610,Joseph Grant,Coxstad
611,Tina Lee,Thomasmouth
612,Billy Hoover,North Dylan
613,William Neal,Randallberg
614,Leslie Edwards,Tylermouth
615,Carolyn Herrera,Vanceton
616,Dominique Garcia,Thompsonfort
617,David Smith,Thompsonport
618,Christopher Powell,Alvarezmouth
619,Jim Stafford,South Jenniferberg
620,Chad Lowery,South Christine
621,David Norris,New Mitchell
622,Andre Watson,Kellychester
623,Vicki Lara,Thompsonborough
624,Elizabeth Johnson,Stanleyborough
625,Brenda Walton,Danielbury
626,James Fletcher,Joannland
627,Joyce Stein,Spencershire
628,Timothy Gregory,West Joshua
629,Nicholas Arnold,West Charlesside
630,Tracey Willis,Ruizview
631,Peter Young,Lake Christine
632,Randy Flores,Port Susan
633,Andrew Gordon,West Theresafort
634,John Ramirez,New Danielfort
635,James Hill,West Monicaport
636,Melanie Smith,South Billyfurt
637,Anthony Ortiz,Taramouth
638,Randy Marshall,New Virginiamouth
639,Andrew Woods,Josephton
640,Lori Brown,Port Jenniferchester
641,Jamie Coleman,Port Michellemouth
642,Gary Young,Kevinhaven
643,Rhonda Curtis,Kimberlyberg
644,Peter Brown,Port Jill
645,Carrie Brown,Gomezfort
646,Michael Reynolds,Patrickville
647,Jeff Adams,North Lisahaven
648,Sarah Owens,New Valerie
649,Joseph Carlson,North Michelle
650,Leah Walter,Jimenezport
651,Antonio Schwartz,East Jason
652,Carl Stone,West Michaelside
653,Samuel Smith,Mirandastad
654,Alexis Thompson,Lake Brittanyborough
655,Anthony Santana,West Christinaton
656,Sean Morris,Port Markfurt
657,Nicole Parsons,South Charlesmouth
658,Victoria Murray,Taylorton
659,Richard Espinoza,North Cody
660,James Jackson,Port Kimberly
661,Mr. Edgar Reyes,Lake Abigail
662,Crystal Bauer,Penaberg
663,Paul Henson,East Kariview
664,Wayne Hopkins,Vasquezton
665,Anthony Parker,Thomasshire
666,Ashley Martin,Joelfurt
667,Alexander Collins,Lake Barry
668,Lindsey Richmond,South Deanna
669,Casey Thomas,Gonzalesview
670,Ryan Martinez,Robertsberg
671,Patricia Martin,Lake Sharon
672,Andrew Johnson,Port Brandi
673,Jasmine Young,Lake Daniel
674,Robin Greene,North Logan
675,Keith Campbell,Anthonyfort
676,John Sosa,Williamsside
677,Ariana Romero,Debraburgh
678,Tammy Walker,Carlfort
679,Travis Martinez,New Raymond
680,Erin Gomez,Lake Elizabeth
681,Roy Gray,Port John
682,Lawrence Morales,Palmerburgh
683,Heather Banks,Antoniobury
684,Lisa Anderson,West Victoriafurt
685,Luke Wood,South Robert
686,Jennifer Reed,Knighttown
687,Matthew Wallace,East Chase
688,George Johnson,West Joseside
689,Daniel Alexander,Nolanland
690,Julia Moore,Thomaston
691,Cassandra Knight,North Davidview
692,Ashley Huynh,North Ashleyhaven
693,Robert Smith,Jamestown
694,Jeremiah Lopez,Port Ashley
695,Alicia Castro,Port Kevin
696,Amber Morgan,Mendozaborough
697,Julie George,Simmonston
698,Ricky Thomas,Whitebury
699,Amy Levine,Muellerstad
700,Mary Kirk,North Angela
701,Margaret White,Dorseyfort
702,Benjamin Baker,Matthewview
703,Stephanie Boyd,Port Lisa
704,Stacey Smith,Lake Ashley
705,Samantha Miller,Weberhaven
706,Christine Vang,Robertchester
707,John Collins,Adamsville
708,William Stafford,Lewiston
709,Zachary Smith,Angelafurt
710,Jennifer Jacobs,New Miguel
711,Daniel Miller,North Brianland
712,Michael Sanchez,New Miguel
713,Andrew Odonnell,Palmerside
714,Jessica Keller,East Karenburgh
715,Linda Simmons,East John
716,Calvin Forbes,Port Alexandra
717,Stephanie Moss,Martinhaven
718,Cassandra Stephens,Powellbury
719,Lisa Long,Wrightmouth
720,Paul Peterson,Lake Donaldstad
721,Christopher Gallagher,Hannahfurt
722,Joseph Franklin,New Adrian
723,Jesse Phillips,North Jodi
724,Lindsay Calhoun,Hoganton
725,Anthony Nguyen,Marissaside
726,Amy Torres,Millertown
727,Dawn Adams,North Kevinshire
728,Christy Chandler,Jessicastad
729,Derek Carroll,New Robert
730,Kimberly King,Bradleyville
731,Devin Jacobs,Kaitlinhaven
732,Anthony Wilson,Lake Jonathanville
733,Timothy Washington,Garciamouth
734,Gary Collins,North Richard
735,Christina Garcia,New William
736,Haley Hall,Lake Maria
737,Michael Hamilton,Port Andre
738,Christopher Hawkins,Samanthaland
739,Michael Rich,West Jack
740,Casey Boyd,Amyfurt
741,James Vasquez,West Timothy
742,Tammy Ellis,Lake Michelleland
743,Ashley Wade,Williamsport
744,Jeffrey Obrien,Port Wanda
745,Jennifer Martin,South Sethbury
746,Ashley Jones,Kyleborough
747,Jeanne Mathews,Kempport
748,Leslie Shah,South Amandafort
749,Vanessa Molina,West Aaron
750,Ashley Holland,Shawview
751,Diane Sampson,Territon
752,Kevin Alvarez,Port Jamesfurt
753,Wanda Hughes,Smithtown
754,Kara Cochran,Melaniemouth
755,Nancy Cooper,Beckyborough
756,Yolanda Hughes,Ginashire
757,James Weber,Mcneilshire
758,Diane Evans,Lake Carlosfort
759,Katherine Wilson,New Lauren
760,Jesse Mayo,New Richardside
761,James Brown,Hallstad
762,Erika Lopez,East Elizabeth
763,William Gonzales,Port Michaelmouth
764,Brandon Landry,New Peterchester
765,Natalie Gonzalez,South Laurafort
766,Lindsay Roberts,Aaronside
767,Marcus Evans,Port Beth
768,Darren Pruitt,Guzmanside
769,Shelia Blake,Collierside
770,Wendy Gomez,Gonzalezmouth
771,Barbara Roberts,South Jenniferborough
772,Kelly Morris,Port Christine
773,Mary Ortega,Christyshire
774,Casey Lewis,West David
775,Anthony Shaw,Maureenton
776,Catherine Jenkins,West Christina
777,Bernard Robinson,Lake Jamesstad
778,Nicole Wiley,New William
779,Matthew Lopez,West Michael
780,Christopher Jones,Lake Austin
781,Phillip Eaton,Nicholasville
782,Melanie Jimenez,East Cassandra
783,Tammy Tucker,New Diana
784,Julie Barber,Rosston
785,Troy Miller,Torresbury
786,Jessica Evans,New Joshuaville
787,Mckenzie Schmidt DDS,Rogerfort
788,Brett Shields,Matthewville
789,Samuel Reyes,West Christieborough
790,David Adams,Lake Emilychester
791,Kelly Smith,West Gail
792,Christopher Ruiz,Castillomouth
793,Lisa Thompson,Pruittborough
794,Gary Massey,West Carly
795,Corey Conner,New Michael
796,Dorothy Wang,Doyleberg
797,Emily Howard,Lake Juan
798,Marc Brown,Oneillbury
799,Eric Ramirez,Port Loriton
800,Steven Powell,North Roger
801,Misty Cannon,Rogersfurt
802,Melissa Jackson,Port Timothyton
803,Brenda Rivera,East Shelly
804,Joseph Walton,Judithstad
805,Michael Ramos,Jessicaburgh
806,Joshua Kennedy,Lynchport
807,John Zhang,Dayfurt
808,Daisy Martinez,North Ryan
809,Cheryl Kennedy,North Wendy
810,James Wagner,Lopezmouth
811,Joanne Walker,Lake Jerry
812,Vanessa Robertson,East Tanner
813,Linda Scott,West Jacobstad
814,Kent Johnson,Kiddborough
815,Mrs. Anna Calderon,Port Christopher
816,Ernest Huffman,Lake Susanshire
817,Susan Roman,New Christophermouth
818,Diana Watkins,South Patty
819,Edwin Cruz,South George
820,James Butler,Jenningsshire
821,Anna Scott,Bowersview
822,George Burns,Curtisland
823,Kelly Watson,East Daniel
824,Alan Patterson,East John
825,Michele Howell,Farmerfurt
826,Lisa Potts,West Phyllismouth
827,Michael Sanders,Port Louisside
828,David Stewart,Ashleyborough
829,Zachary Gonzalez,North Leah
830,Manuel Jones,Mejiaborough
831,April Jones,Sotomouth
832,Karen Davis,Sandraborough
833,Faith Garza,West Natasha
834,Lisa Taylor,North Stephanie
835,Maria Campbell,Lisatown
836,Amy Mcgee,Julieview
837,Megan Bryan,Perkinston
838,Jennifer Johnson,Velazquezfort
839,Antonio Gonzalez,Smithview
840,Dennis Jackson,Edwardshaven
841,John Wilson,Shieldstown
842,Amber Wilkins,West Jermaine
843,Lindsey Sandoval,Rodriguezfort
844,Donna Moore,Josephmouth
845,Amber Rivera,Lake Sandramouth
846,Lisa Wood,Audreyshire
847,Pamela Wilson,Dannyland
848,Peter Stuart,Westside
849,Lisa Richards,West Sabrina
850,Debra Nunez,Robinberg
851,Anthony Olson,Lake Marthaborough
852,Anthony Kemp,East Sarah
853,Jill Acevedo,Allenburgh
854,Candice Ross,West Keithfurt
855,Virginia Gill,South Stacey
856,Katherine Walker,Lake Beth
857,Donna Ortega,Stewartburgh
858,Jessica Allen,Julieville
859,Adrienne Smith,Lake Tarachester
860,Jason Howard,East Larry
861,Brenda Wilkinson,East Brendaville
862,Noah Ramirez,Lake Bonnie
863,Charles Bradford,East Joyberg
864,Hector Fernandez,Port Jeffrey
865,Timothy Anderson,Diazfurt
866,Laura Henderson,Grahamshire
867,Whitney Blanchard DDS,New Robertfurt
868,Amber Gray,Coltonfort
869,Ann Wright,Schneiderstad
870,Stephanie Butler,New Paul
871,Henry Vaughn,Port Manuelhaven
872,Christina Daniels,Kerrland
873,Michelle Wright,Danielville
874,Kathryn Aguilar,Kennethbury
875,Caleb Blanchard,Lake April
876,Jonathan Cervantes,Reginaldton
877,Jessica Holder,North Janet
878,Cynthia Bishop,Grayside
879,Carlos Jackson,East Carla
880,Nicole Nelson,North Nathanielberg
881,Amy Trevino,Reneetown
882,Trevor Bryant,Barnesville
883,Robert Little,Anthonyfurt
884,Evan Robinson,Taylorburgh
885,Patricia Mendoza,East Veronicastad
886,Diana Martinez,Donnaville
887,Claire Patterson,Yatesberg
888,Stacey Munoz,West Patriciastad
889,Barbara Combs,Branchland
890,Charles Oconnor,Rivasmouth
891,Cathy Rojas,Katherineborough
892,Jose Stephenson,Port Michael
893,Julie Nelson,East Steve
894,Micheal Jordan,South Teresabury
895,Yolanda Mueller,North Kathy
896,Daniel Adkins,Lake Julieton
897,Andrew Higgins,Ramseychester
898,Robert Rowland,Lopezmouth
899,Vincent Cooley,Ericchester
900,Joshua Beck,Marystad
901,Mark Williams,Grayfurt
902,Michaela Ellis,Mitchellbury
903,Eric Sanford,Thomaston
904,Lisa Henry,Williamsstad
905,Mikayla Mckinney,Port Kathrynchester
906,Andrea Nguyen,Port Melanieland
907,Kelsey Schwartz,Port Megan
908,Eric Williams,Ayalaberg
909,Sandra Watkins,Solisbury
910,Matthew Gill,Zimmermanmouth
911,Tracy Miller,North Alexandriaview
912,Becky Willis,Murrayland
913,Paula Thomas,West Anna
914,Jill Bryant,Hickschester
915,Ashley Greene,Sanchezland
916,Donald Snyder,Martinezville
917,Elizabeth Smith,Thomasfurt
918,Kimberly Hubbard,West Mackenzie
919,David Bowers,Lake Julieberg
920,Sarah Joseph,Michaelside
921,Jason Williams,North Kristinshire
922,Brian Walker,Stevensland
923,Cory Cline,Omarton
924,Joseph Hubbard,North Barry
925,Michael Blevins,Garciabury
926,Nina Holmes,Rileyville
927,Kelly Escobar,New Bonnieshire
928,Mrs. Christina West,Carlsonborough
929,Alicia Lopez,Sarahside
930,Dr. John Barnes,Lake Miguelville
931,Lori Smith,Joshuaville
932,Kylie Foster,Lake Kimberly
933,Michelle Oconnell,Morganland
934,David Wood,South Jenniferton
935,Miss Tanya Warren,Lake Jesse
936,Monique Flores,Ramoshaven
937,Mr. Glenn Taylor,Carolynborough
938,Valerie Cole,Simonland
939,Allison Freeman,Armstrongtown
940,Zoe Ward MD,Lake Blakehaven
941,Grant Petersen,New Nicole
942,Angie Townsend,Johnsonport
943,Tiffany Clayton,Gardnermouth
944,Catherine Thompson,Andersonside
945,Edward Johnston,West Melinda
946,Courtney Wood,Lake Brittany
947,Sarah Brown,South Roberto
948,Maurice Petty,Lawsonton
949,Michael Reyes,New Brandon
950,Jason Nguyen,Port Thomasville
951,Chelsea Vasquez,Joycefort
952,Mary Willis,Lake Daniel
953,Joseph Oliver,Solisburgh
954,Andrew Jordan,Port Michele
955,Amy Peterson,Millerville
956,Morgan Hood,Lake Jeffrey
957,Mckenzie Shields,Arianafurt
958,Laura Shaw,Grahamchester
959,Matthew King,Port Christine
960,David Mcdonald,Port Veronicafurt
961,Alyssa Koch,Lake Jonathan
962,Vincent Rush,Warnertown
963,Lori Herrera,Edwardstown
964,Briana Williams,Ronaldmouth
965,Blake Phelps,South Joseph
966,Kayla Burns,New Benjaminstad
967,Hannah Benson,Lake Teresa
968,Benjamin Allen,Port Amy
969,Mark Murray,Lake Carolinechester
970,Hannah Bowers,Katieport
971,Edward Romero,New Andrew
972,Matthew Cantrell,Evansfurt
973,Cynthia Cook,East Shawnstad
974,Ernest Tanner,East John
975,Isabel Ford,Lake Ericfort
976,Christopher Williams,Hillton
977,Philip Gaines,Carrmouth
978,Kevin Weber DDS,Port Tracyland
979,Tyler Roman,Richardfort
980,Dr. Cynthia Stevenson DDS,Thomastown
981,Sherri Smith,Ericton
982,Jennifer Clark,Herreraton
983,Michael Kerr,South Timport
984,Alicia Leonard,Jamesfurt
985,Jill Golden,Lake Kari
986,Ashley Hall,Feliciabury
987,Robin Byrd,West Shaneberg
988,Samantha Smith,Ballchester
989,Maria Hammond,North Sheri
990,Thomas Page,West Brandonburgh
991,Ethan Carlson,New Andreahaven
992,Rebekah Robinson,Lake Coltonport
993,Erin Baker,Robinsonport
994,Victoria Kim,North Darren
995,Kyle Schmitt,Thompsonton
996,Danielle Porter,New Blake
997,Sabrina Cannon,East Ginafort
998,Sabrina Morgan,Rodriguezfort
999,Mrs. Madison Miller,East Travis
